종목코드,종목명,거래량_매도,거래량_매수,거래량_순매수,거래대금_매도,거래대금_매수,거래대금_순매수
"005930","삼성전자","970286","5265005","4294719","222117359600","1182892015650","960774656050"
"000660","SK하이닉스","138737","285949","147212","217697926500","440223725000","222525798500"
"214450","파마리서치","23384","389361","365977","8948756500","148749865250","139801108750"
"483650","달바글로벌","36602","288229","251627","9325417500","74610030439","65284612939"
"042700","한미반도체","34934","141433","106499","6161517700","24631920450","18470402750"
"271560","오리온","22199","130164","107965","2946546800","17556988450","14610441650"
"003230","삼양식품","57910","65002","7092","70076405500","80846865500","10770460000"
"207940","삼성바이오로직스","1885","8172","6287","2882850500","12402905000","9520054500"
"068270","셀트리온","21192","66640","45448","3799818500","12159007250","8359188750"
"089030","테크윙","14225","238427","224202","608915800","8669548475","8060632675"
"009540","HD한국조선해양","1576","18706","17130","535907750","6815844000","6279936250"
"105560","KB금융","57707","90927","33220","9812233750","15552345350","5740111600"
"316140","우리금융지주","24388","196560","172172","791667975","6446676000","5655008025"
"192820","코스맥스","4423","32342","27919","821679050","6173929850","5352250800"
"036930","주성엔지니어링","22346","61403","39057","2848683800","8191080250","5342396450"
"058610","에스피지","35940","96602","60662","2560472750","7566923350","5006450600"
"035720","카카오","3660","121682","118022","133249350","4387254000","4254004650"
"041830","인바디","8625","88892","80267","423717700","4413331675","3989613975"
"032350","롯데관광개발","25970","364204","338234","292371530","4204916425","3912544895"
"272210","한화시스템","2619","62660","60041","162246400","3828900600","3666654200"
"005380","현대차","15575","26382","10807","6022260000","9656257750","3633997750"
"003670","포스코퓨처엠","6694","31074","24380","880978000","4158638800","3277660800"
"079550","LIG디펜스앤에어로스페이스","4746","9333","4587","3222562000","6391291000","3168729000"
"267270","HD건설기계","26238","50400","24162","3135969300","6282887700","3146918400"
"078930","GS","25577","59617","34040","2300335300","5293728850","2993393550"
"448900","한국피아이엠","5401","53894","48493","277868950","2881346450","2603477500"
"019210","와이지-원","20377","149954","129577","376252725","2889346660","2513093935"
"042660","한화오션","96187","123817","27630","8212010400","10667289550","2455279150"
"260870","SK시그넷","16300","318307","302007","132682000","2587835910","2455153910"
"090430","아모레퍼시픽","35173","53785","18612","4281319500","6665158900","2383839400"
"010140","삼성중공업","149075","245203","96128","3122751465","5452327125","2329575660"
"018260","삼성에스디에스","1263","12061","10798","258852700","2558884250","2300031550"
"257720","실리콘투","73336","127223","53887","2697725150","4592207525","1894482375"
"006110","삼아알미늄","8532","70682","62150","255175775","2104051575","1848875800"
"084370","유진테크","29816","45477","15661","2816100850","4655942850","1839842000"
"066570","LG전자","21346","32285","10939","3418669500","5217201400","1798531900"
"196170","알테오젠","23709","29986","6277","6909104250","8703644000","1794539750"
"078520","에이블씨엔씨","1","167897","167896","10300","1739861020","1739850720"
"327260","RF머트리얼즈","400","77480","77080","9141125","1742268595","1733127470"
"251970","펌텍코리아","15939","52304","36365","775071275","2497936175","1722864900"
"241710","코스메카코리아","3724","22471","18747","311552000","1953326250","1641774250"
"454910","두산로보틱스","10506","36620","26114","623030200","2252417050","1629386850"
"008930","한미사이언스","412","49304","48892","13844950","1637409300","1623564350"
"009830","한화솔루션","322979","382722","59743","7794734625","9354890225","1560155600"
"064350","현대로템","18199","31041","12842","2376152150","3895436850","1519284700"
"298380","에이비엘바이오","2565","24262","21697","165283950","1679232700","1513948750"
"000270","기아","9425","21028","11603","1177222100","2663090850","1485868750"
"007810","코리아써키트","6854","34434","27580","287318525","1706931800","1419613275"
"021240","코웨이","5060","20594","15534","470100700","1877852900","1407752200"
"145020","휴젤","9549","14722","5173","2119392750","3523315500","1403922750"
"139130","iM금융지주","3380","88136","84756","53856920","1408024050","1354167130"
"002380","KCC","25","3526","3501","9355000","1360730500","1351375500"
"053610","프로텍","7215","32405","25190","375404200","1718928700","1343524500"
"108490","로보티즈","10670","17116","6446","1959900850","3299153900","1339253050"
"001530","DI동일","636","52844","52208","14493500","1267784800","1253291300"
"052690","한전기술","4845","18347","13502","428245400","1603590350","1175344950"
"0218L0","네오뷰","40494","115177","74683","777646355","1901260450","1123614095"
"066970","엘앤에프","3477","18603","15126","238914500","1321812050","1082897550"
"023530","롯데쇼핑","728","9188","8460","88171900","1163562000","1075390100"
"055550","신한지주","14715","24987","10272","1525714250","2551566600","1025852350"
"000150","두산","3689","4486","797","3924237000","4943211500","1018974500"
"079940","가비아","0","21202","21202","0","1004613400","1004613400"
"086520","에코프로","22536","35805","13269","1617952450","2618596650","1000644200"
"077360","덕산하이메탈","0","125006","125006","0","993679280","993679280"
"007070","GS리테일","2461","42635","40174","60694650","1050307925","989613275"
"247540","에코프로비엠","17081","26770","9689","1727175650","2705738700","978563050"
"004370","농심","87","2646","2559","32781750","1006570250","973788500"
"031330","에스에이엠티","9694","123801","114107","94673505","1062306830","967633325"
"025560","미래산업","282151","377984","95833","2018044405","2981530040","963485635"
"069960","현대백화점","10190","17671","7481","1348337050","2302292750","953955700"
"128940","한미약품","8296","10832","2536","2611877250","3561340750","949463500"
"000990","DB하이텍","10827","24832","14005","1005224500","1930143500","924919000"
"000640","동아쏘시오홀딩스","1363","11690","10327","122540150","1045666600","923126450"
"000815","삼성화재우","0","2321","2321","0","891269000","891269000"
"001440","대한전선","21183","49808","28625","505828000","1377803525","871975525"
"200710","에이디테크놀로지","2099","33072","30973","45952550","882895425","836942875"
"035900","JYP Ent.","8363","26542","18179","379301150","1195450050","816148900"
"166090","하나머티리얼즈","2634","17563","14929","121759200","912361500","790602300"
"092460","한라IMS","25206","71661","46455","397116170","1179185920","782069750"
"277810","레인보우로보틱스","12001","13227","1226","4845139750","5612823750","767684000"
"095340","ISC","8688","14065","5377","1003650000","1769656450","766006450"
"001430","세아베스틸지주","110","23342","23232","3512800","767486425","763973625"
"037460","삼지전자","0","24112","24112","0","719717350","719717350"
"061970","LB세미콘","0","190802","190802","0","716763082","716763082"
"030200","KT","4555","17262","12707","242437850","926159350","683721500"
"087010","펩트론","17091","21575","4484","2196229700","2877717550","681487850"
"008770","호텔신라","23751","37285","13534","1080664550","1744371850","663707300"
"138930","BNK금융지주","103320","146405","43085","1540325155","2202183235","661858080"
"010820","퍼스텍","13","115148","115135","62410","613229650","613167240"
"248070","솔루엠","16","47572","47556","204800","611143150","610938350"
"005810","풍산홀딩스","969","19354","18385","30864250","638794850","607930600"
"425420","티에프이","2513","21506","18993","64179350","658823750","594644400"
"347700","스피어","4781","39617","34836","75827290","669637905","593810615"
"096530","씨젠","199","22262","22063","5276800","592931900","587655100"
"222040","코스맥스엔비티","320","76983","76663","2464245","585994765","583530520"
"005440","현대지에프홀딩스","11937","60600","48663","145715510","707379790","561664280"
"004170","신세계","7330","8359","1029","3387315000","3922481500","535166500"
"101490","에스앤에스텍","900","14056","13156","35903450","553509650","517606200"
"064960","SNT모티브","9","20431","20422","224150","512648250","512424100"
"006340","대원전선","45837","72430","26593","530382935","1003926115","473543180"
"005290","동진쎄미켐","10318","22057","11739","401342900","874867500","473524600"
"003650","미창석유","1","3410","3409","133100","469347500","469214400"
"194700","노바렉스","4629","41017","36388","59255300","522227485","462972185"
"098460","고영","25992","39750","13758","589935050","1029465100","439530050"
"112610","씨에스윈드","578","11309","10731","22240475","446471175","424230700"
"101160","월덱스","253","16344","16091","6532750","427175950","420643200"
"004990","롯데지주","183","17971","17788","4013225","417863950","413850725"
"171090","선익시스템","6196","11880","5684","352877525","754146850","401269325"
"006260","LS","3946","5162","1216","1030126250","1421325000","391198750"
"086900","메디톡스","0","5536","5536","0","389971600","389971600"
"000100","유한양행","229","5442","5213","16165450","401284300","385118850"
"389650","넥스트바이오메디컬","165","10657","10492","5215200","388637850","383422650"
"263750","펄어비스","59728","67359","7631","1956690700","2336874225","380183525"
"102710","이엔에프테크놀로지","1781","12248","10467","67024200","447094450","380070250"
"083650","비에이치아이","3064","12115","9051","130274850","508516825","378241975"
"0156T0","에이치엘지노믹스","0","31803","31803","0","369272810","369272810"
"051900","LG생활건강","3506","4930","1424","921171500","1285003500","363832000"
"126700","하이비젼시스템","8295","42636","34341","70300460","432743020","362442560"
"011780","금호석유화학","58","3199","3141","6638300","367089250","360450950"
"078340","컴투스","0","12427","12427","0","335185925","335185925"
"194480","데브시스터즈","2","18565","18563","33640","330203210","330169570"
"015760","한국전력","17493","26317","8824","589592150","916114825","326522675"
"103590","일진전기","9161","15564","6403","504039450","819936500","315897050"
"353810","이지바이오","0","53222","53222","0","309056480","309056480"
"000810","삼성화재","1644","2113","469","1011485500","1317600000","306114500"
"0117P0","피스피스스튜디오","8517","70480","61963","44885590","349993920","305108330"
"181710","NHN","1302","8753","7451","47520050","339961900","292441850"
"029530","신도리코","2060","9528","7468","83207975","369075100","285867125"
"111770","영원무역","1687","4860","3173","146814000","432374800","285560800"
"214180","헥토이노베이션","0","22500","22500","0","285098950","285098950"
"103140","풍산","1306","5621","4315","75417400","359699400","284282000"
"092870","엑시콘","0","21332","21332","0","266838750","266838750"
"029780","삼성카드","164","5473","5309","7783550","272630275","264846725"
"210980","SK디앤디","0","59107","59107","0","264267590","264267590"
"004490","세방전지","63","5009","4946","3034950","263684800","260649850"
"009450","경동나비엔","1168","5380","4212","70846400","330216300","259369900"
"462870","시프트업","18","8570","8552","541300","259347300","258806000"
"024110","기업은행","884","13268","12384","17995300","276516660","258521360"
"323410","카카오뱅크","15187","26363","11176","323588350","579304975","255716625"
"023590","다우기술","14","6647","6633","475150","253952725","253477575"
"005680","삼영전자","0","20166","20166","0","251850210","251850210"
"0039P0","매드업","3042","47946","44904","17216415","266394095","249177680"
"161890","한국콜마","45992","47697","1705","4550273100","4789355400","239082300"
"139480","이마트","719","3728","3009","56349250","294417300","238068050"
"086280","현대글로비스","12913","13993","1080","2611543450","2845675300","234131850"
"203650","드림시큐리티","30425","170000","139575","55154482","288597500","233443018"
"079370","제우스","1942","31336","29394","15834130","245041130","229207000"
"030000","제일기획","822","12894","12072","15396940","243647140","228250200"
"016880","웅진","14772","132651","117879","28161382","251646964","223485582"
"036460","한국가스공사","185","6561","6376","6240800","221355750","215114950"
"066620","국보디자인","0","9251","9251","0","211347850","211347850"
"318060","그래피","1343","13509","12166","22012900","228083205","206070305"
"088980","맥쿼리인프라","170","20808","20638","1691540","206781175","205089635"
"452280","한선엔지니어링","2142","22981","20839","19967560","220328740","200361180"
"012030","DB","53","142130","142077","71404","199590394","199518990"
"002790","아모레퍼시픽홀딩스","1866","9821","7955","46204100","240197725","193993625"
"123410","코리아에프티","0","39549","39549","0","193895950","193895950"
"036540","SFA반도체","1872","38151","36279","7440586","199502620","192062034"
"042520","한스바이오메드","50022","59834","9812","909051430","1096045760","186994330"
"375500","DL이앤씨","66","3174","3108","3745600","188258900","184513300"
"086450","동국제약","37321","47165","9844","640857720","825233140","184375420"
"011200","HMM","1290","10113","8823","25843950","206696695","180852745"
"348210","넥스틴","551","6442","5891","18570300","196626300","178056000"
"033100","제룡전기","8460","12929","4469","330979900","506740500","175760600"
"031430","신세계인터내셔날","218","16510","16292","2279360","171619500","169340140"
"290550","디케이티","765","10531","9766","15122260","182297170","167174910"
"082920","비츠로셀","4976","10636","5660","152421275","318556050","166134775"
"022100","포스코DX","334","8763","8429","6027990","166552550","160524560"
"120110","코오롱인더","2016","4708","2692","96598100","256654200","160056100"
"093050","LF","9","7058","7049","195100","158805050","158609950"
"377300","카카오페이","119","3818","3699","4908750","162647750","157739000"
"051910","LG화학","1939","2512","573","467234250","622937000","155702750"
"218410","RFHIC","400","4159","3759","18093000","171135450","153042450"
"041460","한국전자인증","0","46037","46037","0","152398150","152398150"
"013030","하이록코리아","4076","8900","4824","128364550","275006600","146642050"
"123330","제닉","47470","53143","5673","1190591725","1336551600","145959875"
"005950","이수화학","0","10790","10790","0","145472590","145472590"
"064760","티씨케이","2125","2847","722","361544500","506122750","144578250"
"122870","와이지엔터테인먼트","0","3489","3489","0","144446350","144446350"
"071970","HD현대마린엔진","12108","14321","2213","618529400","760425425","141896025"
"108380","대양전기공업","1743","11429","9686","25150540","166867080","141716540"
"302440","SK바이오사이언스","140","4365","4225","4707400","144392575","139685175"
"280360","롯데웰푸드","3","1347","1344","305000","139434100","139129100"
"140860","파크시스템스","1010","1459","449","232171250","370678500","138507250"
"244920","에이플러스에셋","83","12294","12211","927910","136141380","135213470"
"032640","LG유플러스","4939","14118","9179","71886810","206478880","134592070"
"466100","클로봇","0","5626","5626","0","134451775","134451775"
"035250","강원랜드","289","9057","8768","4147170","130169920","126022750"
"014830","유니드","213","2204","1991","12126500","137053400","124926900"
"035150","백산","297","13577","13280","2769160","127121410","124352250"
"003540","대신증권","12691","17941","5250","313764775","436025900","122261125"
"168360","펨트론","0","11879","11879","0","120336090","120336090"
"183300","코미코","2423","4070","1647","135809600","253904000","118094400"
"014620","성광벤드","802","4941","4139","20691000","137644575","116953575"
"047560","이스트소프트","0","15000","15000","0","115917870","115917870"
"000070","삼양홀딩스","3","2015","2012","168400","115127800","114959400"
"395400","SK리츠","78","20192","20114","429460","111425530","110996070"
"034310","NICE","250","8924","8674","3102120","113512250","110410130"
"039440","에스티아이","1292","5836","4544","24106310","132101900","107995590"
"472220","신영스팩10호","0","51116","51116","0","106676860","106676860"
"043370","피에이치에이","0","10457","10457","0","106191890","106191890"
"000850","화천기공","0","3365","3365","0","103993350","103993350"
"204620","글로벌텍스프리","0","24739","24739","0","103876235","103876235"
"011560","세보엠이씨","0","4751","4751","0","103670500","103670500"
"179290","엠아이텍","0","22919","22919","0","103560180","103560180"
"008490","서흥","4","5063","5059","79100","101393250","101314150"
"365550","ESR켄달스퀘어리츠","71","30163","30092","234567","100180066","99945499"
"006650","대한유화","33","1185","1152","2861300","101627100","98765800"
"161390","한국타이어앤테크놀로지","1089","2576","1487","74618350","173063800","98445450"
"307950","현대오토에버","657","917","260","238501500","336606000","98104500"
"060370","LS마린솔루션","474","3641","3167","13076450","107022550","93946100"
"331920","셀레믹스","0","8402","8402","0","92973380","92973380"
"005180","빙그레","2","1355","1353","134800","91867200","91732400"
"115180","큐리언트","0","5228","5228","0","87659345","87659345"
"252990","샘씨엔에스","22089","31032","8943","270316735","357849195","87532460"
"033640","네패스","3467","9133","5666","43281430","130546400","87264970"
"126720","수산인더스트리","2905","7009","4104","63660840","147569200","83908360"
"388210","씨엠티엑스","5285","6576","1291","358419850","441677900","83258050"
"001130","대한제분","3","7362","7359","32480","81922360","81889880"
"058650","세아홀딩스","3","673","670","345900","80641600","80295700"
"300720","한일시멘트","68","5881","5813","933570","81223820","80290250"
"419530","SAMG엔터","13002","16434","3432","350582625","430764500","80181875"
"138080","오이솔루션","397","5094","4697","5593285","84507620","78914335"
"006120","SK디스커버리","74","1711","1637","3459600","81514950","78055350"
"085910","네오티스","3211","8785","5574","45886690","123286340","77399650"
"033500","동성화인텍","3708","8679","4971","57527840","132289890","74762050"
"037710","광주신세계","4","2114","2110","136500","73978350","73841850"
"024800","유성티엔에스","0","18696","18696","0","73236260","73236260"
"035760","CJ ENM","0","2356","2356","0","72994150","72994150"
"0126Z0","삼성에피스홀딩스","153","350","197","54215000","127085500","72870500"
"006040","동원산업","26","2120","2094","898350","73171325","72272975"
"072710","농심홀딩스","3","806","803","263100","71805200","71542100"
"368770","파이버프로","271","7142","6871","2775040","72769100","69994060"
"212710","아이에스티이","17574","25530","7956","102893105","169988580","67095475"
"452430","사피엔반도체","547","2959","2412","14605550","80127950","65522400"
"006660","삼성공조","0","6553","6553","0","65309030","65309030"
"000080","하이트진로","75","4313","4238","1143490","65953355","64809865"
"011210","현대위아","114","1305","1191","6016600","70211300","64194700"
"067160","SOOP","300","1624","1324","14726300","78745550","64019250"
"013120","동원개발","1337","32406","31069","2631266","65298090","62666824"
"002900","TYM","512","10037","9525","2850285","64178740","61328455"
"007310","오뚜기","3","190","187","951500","61022500","60071000"
"033790","피노","0","11261","11261","0","60002780","60002780"
"0165X0","메리츠제2호스팩","0","30738","30738","0","59827071","59827071"
"035890","서희건설","0","30792","30792","0","59456200","59456200"
"253450","스튜디오드래곤","0","2677","2677","0","58009600","58009600"
"008350","남선알미늄","3","60000","59997","3030","57531432","57528402"
"001120","LX인터내셔널","91","1662","1571","3220550","60450200","57229650"
"170030","현대공업","0","11798","11798","0","53332105","53332105"
"038010","제일테크노스","0","10198","10198","0","53241670","53241670"
"0008Z0","에스엔시스","118","2603","2485","2324000","54663000","52339000"
"011760","현대코퍼레이션","4","2269","2265","87450","52264450","52177000"
"194370","제이에스코퍼레이션","116","4291","4175","1447485","53099590","51652105"
"482630","삼양엔씨켐","7967","12153","4186","76439420","127824980","51385560"
"120030","조선선재","1","640","639","78900","51137000","51058100"
"217950","파마리서치바이오","206","1800","1594","6519550","55710000","49190450"
"108670","LX하우시스","3","1530","1527","94950","48842000","48747050"
"441270","파인엠텍","0","7463","7463","0","47155450","47155450"
"457190","이수스페셜티케미컬","110","953","843","5396450","51894850","46498400"
"460860","동국제강","2379","7165","4786","19774600","66072700","46298100"
"033240","자화전자","281","2375","2094","5493420","51421350","45927930"
"484810","티엑스알로보틱스","0","4012","4012","0","45335920","45335920"
"229500","노브메타파마","0","10000","10000","0","45140030","45140030"
"328130","루닛","1697","6470","4773","15528470","60622430","45093960"
"491000","리브스메드","1086","2483","1397","37052650","81972850","44920200"
"326030","SK바이오팜","1084","1664","580","84776200","129516450","44740250"
"036190","금화피에스시","93","1530","1437","2819975","47316250","44496275"
"399720","가온칩스","2165","3030","865","102305500","144630375","42324875"
"091700","파트론","0","7755","7755","0","42201470","42201470"
"051390","YW","0","10223","10223","0","39803460","39803460"
"0164H0","한국제16호스팩","10000","30000","20000","19484083","58498595","39014512"
"000120","CJ대한통운","74","598","524","5389000","43565000","38176000"
"467930","IBKS제23호스팩","0","18000","18000","0","38070000","38070000"
"005385","현대차우","0","214","214","0","38036800","38036800"
"001680","대상","21","2107","2086","369060","38345370","37976310"
"137400","피엔티","0","1204","1204","0","35746400","35746400"
"003720","삼영","10","6000","5990","56510","35610000","35553490"
"323350","다원넥스뷰","0","5000","5000","0","34639660","34639660"
"004690","삼천리","2","297","295","225300","34820500","34595200"
"018470","조일알미늄","3","35255","35252","2923","34413572","34410649"
"123570","이엠넷","0","20376","20376","0","34175412","34175412"
"078600","대주전자재료","2818","3067","249","187431550","221583950","34152400"
"397030","에이프릴바이오","280","1654","1374","5715280","39644950","33929670"
"001230","동국홀딩스","5","18751","18746","8377","33637362","33628985"
"112290","와이씨켐","0","4000","4000","0","33267440","33267440"
"025540","한국단자","44","606","562","2553800","35778000","33224200"
"003160","디아이","3806","5448","1642","77475250","110570520","33095270"
"009970","영원무역홀딩스","408","574","166","81626450","114543100","32916650"
"109610","에스와이","0","18688","18688","0","32647936","32647936"
"046940","우원개발","0","12047","12047","0","32647370","32647370"
"000157","두산2우B","0","114","114","0","32462500","32462500"
"079160","CJ CGV","31","6849","6818","147480","32493047","32345567"
"133750","메가엠디","0","24750","24750","0","32331669","32331669"
"114090","GKL","19","3430","3411","176360","32156350","31979990"
"085660","차바이오텍","0","3474","3474","0","31433465","31433465"
"225570","넥슨게임즈","0","3537","3537","0","31197610","31197610"
"445680","큐리옥스바이오시스템즈","962","1747","785","38951550","69922800","30971250"
"188040","바이오포트","0","7591","7591","0","30781505","30781505"
"010960","삼호개발","308","10400","10092","923325","31161500","30238175"
"141080","리가켐바이오","25013","24598","-415","2103566950","2133661400","30094450"
"143240","사람인","0","1832","1832","0","29519620","29519620"
"352480","씨앤씨인터내셔널","0","1677","1677","0","29321760","29321760"
"187790","나노","0","10000","10000","0","29200000","29200000"
"272290","이녹스첨단소재","1200","2444","1244","20730190","49909250","29179060"
"012750","에스원","57","459","402","4103400","33140500","29037100"
"189300","인텔리안테크","274","739","465","15126000","44048000","28922000"
"009240","한샘","15","771","756","567450","29058850","28491400"
"065350","신성델타테크","0","1161","1161","0","28045200","28045200"
"042420","네오위즈홀딩스","0","1240","1240","0","27871600","27871600"
"254490","미래반도체","6892","9425","2533","85776280","113328160","27551880"
"003380","하림지주","0","2875","2875","0","27500560","27500560"
"027410","BGF","29","6830","6801","109855","27512982","27403127"
"473000","에스케이증권제12호스팩","0","13333","13333","0","27332650","27332650"
"206640","바디텍메드","0","2368","2368","0","26568015","26568015"
"376300","디어유","647","1992","1345","12454310","38966040","26511730"
"026960","동서","84","1099","1015","2172100","28491500","26319400"
"251270","넷마블","60","768","708","2189250","28112850","25923600"
"036530","SNT홀딩스","67","602","535","3156625","28502650","25346025"
"048410","현대바이오","0","3921","3921","0","23878400","23878400"
"279600","미디어젠","0","6000","6000","0","23400000","23400000"
"003030","세아제강지주","271","486","215","26729300","50044300","23315000"
"006730","서부T&D","937","3412","2475","9267270","32535780","23268510"
"354320","알멕","0","935","935","0","22381150","22381150"
"028670","팬오션","628","4937","4309","3158059","25067360","21909301"
"476040","오가노이드사이언스","0","3167","3167","0","21697820","21697820"
"228760","지노믹트리","0","2000","2000","0","21525050","21525050"
"215200","메가스터디교육","77","588","511","3148425","24460650","21312225"
"024090","디씨엠","3","1955","1952","32720","21074400","21041680"
"482690","대신밸런스제19호스팩","0","10000","10000","0","20500000","20500000"
"121600","나노신소재","0","487","487","0","20417800","20417800"
"0134X0","대신밸런스제20호스팩","10000","20000","10000","19747970","39577214","19829244"
"002810","삼영무역","666","1499","833","15478250","34871250","19393000"
"061090","세나테크놀로지","2008","2551","543","70071300","89270250","19198950"
"222080","SFA넥셀","0","2727","2727","0","18670440","18670440"
"012630","HDC","92","1027","935","1825690","20345840","18520150"
"100790","미래에셋벤처투자","102","1809","1707","1223060","19195580","17972520"
"0015G0","그린광학","0","1300","1300","0","17694420","17694420"
"018880","한온시스템","1716","6983","5267","5696070","23243170","17547100"
"214260","라파스","0","2000","2000","0","17200000","17200000"
"109860","동일금속","0","2358","2358","0","17114770","17114770"
"0096B0","삼성스팩12호","10000","18580","8580","19774628","36714080","16939452"
"474610","RF시스템즈","6442","8459","2017","31669100","48269120","16600020"
"484590","삼양컴텍","0","2893","2893","0","16514970","16514970"
"059090","미코","0","1186","1186","0","16093820","16093820"
"0131D0","키움히어로제2호스팩","10000","18000","8000","19648109","35432825","15784716"
"293490","카카오게임즈","0","1914","1914","0","15194670","15194670"
"001750","한양증권","139","952","813","2578540","17715710","15137170"
"488060","유진스팩11호","0","6851","6851","0","13891785","13891785"
"053800","안랩","0","260","260","0","13819000","13819000"
"330860","네패스아크","4190","4582","392","82492785","96192050","13699265"
"493280","아이엠바이오로직스","331","1110","779","5737180","17666250","11929070"
"394420","리센스메디컬","217","1577","1360","2365650","14099710","11734060"
"060250","NHN KCP","0","924","924","0","11725330","11725330"
"340570","티앤엘","0","198","198","0","11623200","11623200"
"004020","현대제철","7496","7724","228","182498800","193816250","11317450"
"448710","코츠테크놀로지","0","1071","1071","0","11273120","11273120"
"112040","위메이드","0","708","708","0","11109680","11109680"
"241770","메카로","210","590","380","6676200","17611500","10935300"
"005670","푸드웰","0","1764","1764","0","10883880","10883880"
"019180","티에이치엔","0","2084","2084","0","10836800","10836800"
"005300","롯데칠성","254","356","102","25409700","35978500","10568800"
"088260","이리츠코크렙","16","3504","3488","48160","10596135","10547975"
"464080","에스오에스랩","0","1394","1394","0","10523670","10523670"
"253590","네오셈","0","1112","1112","0","10414375","10414375"
"479880","한국제15호스팩","10000","15000","5000","20426632","30750000","10323368"
"088910","동우팜투테이블","0","4880","4880","0","10167800","10167800"
"0098T0","교보19호스팩","0","5018","5018","0","9990838","9990838"
"099320","쎄트렉아이","0","141","141","0","9694800","9694800"
"481070","에이유브랜즈","5497","5707","210","89271630","98889710","9618080"
"236200","슈프리마","251","455","204","11415700","20842850","9427150"
"014570","고려제약","0","2768","2768","0","9197900","9197900"
"003240","태광산업","2","13","11","1645000","10768000","9123000"
"083450","GST","365","620","255","14060150","22899400","8839250"
"082270","젬백스","0","894","894","0","8835780","8835780"
"100120","뷰웍스","0","400","400","0","8623050","8623050"
"003090","대웅","29","549","520","471840","8941610","8469770"
"192650","드림텍","428","2409","1981","1701415","9927400","8225985"
"010955","S-Oil우","0","124","124","0","8056700","8056700"
"200470","에이팩트","698","2747","2049","2823410","10836915","8013505"
"001800","오리온홀딩스","243","553","310","6154750","14088700","7933950"
"034230","파라다이스","323","1104","781","3140220","10945940","7805720"
"214430","아이쓰리시스템","0","130","130","0","7529000","7529000"
"008730","율촌화학","16","617","601","202740","7593770","7391030"
"073490","LIG아큐버","0","263","263","0","7357900","7357900"
"000240","한국앤컴퍼니","235","529","294","5768900","13082200","7313300"
"003000","부광약품","28","1945","1917","104310","7185560","7081250"
"071320","지역난방공사","5","116","111","309600","7243100","6933500"
"001810","무림SP","0","6117","6117","0","6924493","6924493"
"477340","에이치엠씨제7호스팩","0","3334","3334","0","6785945","6785945"
"005820","원림","0","520","520","0","6778650","6778650"
"049830","승일","0","1090","1090","0","6741170","6741170"
"049720","고려신용정보","0","712","712","0","6741060","6741060"
"001560","제일연마","0","808","808","0","6732310","6732310"
"007590","동방아그로","0","1236","1236","0","6720870","6720870"
"023450","동남합성","1","239","238","28150","6738850","6710700"
"083930","아바코","0","699","699","0","6697380","6697380"
"040420","정상제이엘에스","0","1171","1171","0","6691520","6691520"
"016580","환인제약","4","690","686","39280","6721860","6682580"
"048470","대동스틸","0","2816","2816","0","6664455","6664455"
"004780","대륙제관","0","1620","1620","0","6659625","6659625"
"033830","티비씨","0","4299","4299","0","6634568","6634568"
"034950","한국기업평가","0","66","66","0","6617500","6617500"
"015890","태경산업","7","1472","1465","31345","6640250","6608905"
"026940","부국철강","0","3734","3734","0","6602451","6602451"
"037230","한국팩키지","0","5122","5122","0","6601270","6601270"
"003120","일성아이에스","4","324","320","82200","6652800","6570600"
"001540","안국약품","0","654","654","0","6527715","6527715"
"025770","한국정보통신","0","890","890","0","6488020","6488020"
"030190","NICE평가정보","50","505","455","719440","7129590","6410150"
"0132G0","교보20호스팩","1848","5000","3152","3671549","9945000","6273451"
"475250","하나33호스팩","0","3000","3000","0","6120000","6120000"
"003780","진양산업","161","1722","1561","636195","6569455","5933260"
"001790","대한제당","2991","5270","2279","7633092","13547920","5914828"
"042000","카페24","993","1203","210","15836090","21731440","5895350"
"137310","에스디바이오센서","45","1009","964","272020","6143125","5871105"
"016610","DB증권","304","1063","759","2378460","8201920","5823460"
"000220","유유제약","220","1904","1684","773995","6538000","5764005"
"094360","칩스앤미디어","0","600","600","0","5731700","5731700"
"394280","오픈엣지테크놀로지","0","600","600","0","5580000","5580000"
"001500","현대차증권","362","1184","822","2483805","8006540","5522735"
"012790","신일제약","0","1050","1050","0","5386500","5386500"
"474650","링크솔루션","110","350","240","1809460","7045050","5235590"
"473950","에스케이증권제13호스팩","0","2500","2500","0","5075000","5075000"
"083310","엘오티베큠","0","700","700","0","5071660","5071660"
"439960","코스모로보틱스","3416","3748","332","55553640","60599200","5045560"
"068760","셀트리온제약","0","115","115","0","4675350","4675350"
"005420","코스모화학","137","703","566","1159710","5782290","4622580"
"058970","엠로","0","310","310","0","4618770","4618770"
"014820","동원시스템즈","17","253","236","330140","4927720","4597580"
"006220","제주은행","9","532","523","77620","4611130","4533510"
"039130","하나투어","4","154","150","116800","4621500","4504700"
"361610","SK아이이테크놀로지","2277","2769","492","30916810","35400540","4483730"
"078350","한양디지텍","1046","1387","341","15604730","19980160","4375430"
"054450","텔레칩스","0","500","500","0","4209590","4209590"
"0088M0","메쥬","1669","1989","320","19531430","23617170","4085740"
"003800","에이스침대","83","211","128","2672300","6683275","4010975"
"035510","신세계 I&C","5","350","345","57420","4032490","3975070"
"003200","일신방직","7","418","411","66760","3957670","3890910"
"071200","인피니트헬스케어","0","500","500","0","3830000","3830000"
"009580","무림P&P","15","2444","2429","23532","3842382","3818850"
"007690","국도화학","465","516","51","16704850","20458350","3753500"
"108320","LX세미콘","5","111","106","160850","3805850","3645000"
"033920","무학","9","504","495","65410","3689230","3623820"
"002100","경농","6","405","399","53920","3654040","3600120"
"038390","레드캡투어","0","374","374","0","3591940","3591940"
"017390","서울가스","2","70","68","105000","3681000","3576000"
"017940","E1","2","44","42","169900","3708400","3538500"
"002030","아세아","2","20","18","377600","3910100","3532500"
"418550","제이오","0","1000","1000","0","3305245","3305245"
"161580","필옵틱스","0","128","128","0","3285500","3285500"
"005710","대원산업","0","287","287","0","3049930","3049930"
"002840","미원상사","11","35","24","1347800","4338300","2990500"
"004360","세방","7","234","227","87300","3025730","2938430"
"085620","미래에셋생명","54","229","175","776720","3561310","2784590"
"372320","큐로셀","51","154","103","1088250","3680750","2592500"
"093520","매커스","0","150","150","0","2568160","2568160"
"101360","에코앤드림","0","500","500","0","2565000","2565000"
"298830","슈어소프트테크","0","657","657","0","2448610","2448610"
"439090","마녀공장","0","148","148","0","2196320","2196320"
"377450","리파인","9","200","191","96400","2250000","2153600"
"051500","CJ프레시웨이","1515","1633","118","33724575","35626450","1901875"
"079900","전진건설로봇","3","65","62","82250","1898750","1816500"
"268280","미원에스씨","17","32","15","1997500","3800200","1802700"
"000210","DL","194","231","37","8749050","10283400","1534350"
"432720","퀄리타스반도체","0","201","201","0","1514620","1514620"
"487580","폴레드","0","418","418","0","1354239","1354239"
"381970","케이카","16","202","186","114240","1445000","1330760"
"0030R0","대신밸류리츠","1","365","364","3650","1294335","1290685"
"035600","KG이니시스","292","417","125","2730230","3809280","1079050"
"127120","제이에스링크","110","131","21","3238550","4268600","1030050"
"110990","디아이티","0","65","65","0","870010","870010"
"001060","JW중외제약","7","36","29","156900","829400","672500"
"104700","한국철강","11","75","64","103420","704130","600710"
"044340","위닉스","327","327","0","1468230","2001240","533010"
"142210","유니트론텍","0","97","97","0","518650","518650"
"065130","탑엔지니어링","0","176","176","0","505765","505765"
"453340","현대그린푸드","8","35","27","146670","644600","497930"
"002350","넥센타이어","31","98","67","203540","660410","456870"
"0011T0","채비","401","614","213","1947525","2387780","440255"
"147830","제룡산업","0","67","67","0","423250","423250"
"105840","우진","6","31","25","70940","392640","321700"
"030610","교보증권","22","55","33","192840","500370","307530"
"003530","한화투자증권","67","137","70","252035","539867","287832"
"058430","포스코스틸리온","19","86","67","75615","350852","275237"
"293940","신한알파리츠","33","82","49","171580","430440","258860"
"003850","보령","22","53","31","170220","422740","252520"
"009410","태영건설","0","145","145","0","234869","234869"
"000370","한화손해보험","40","75","35","215370","416400","201030"
"178920","PI첨단소재","9","19","10","151780","347360","195580"
"005880","대한해운","98","210","112","165630","359604","193974"
"383800","LX홀딩스","24","48","24","179700","368990","189290"
"007700","F&F홀딩스","11","25","14","145740","333305","187565"
"145990","삼양사","3","7","4","127600","303750","176150"
"284740","쿠쿠홈시스","8","15","7","170500","323850","153350"
"336370","솔루스첨단소재","22","44","22","129350","281250","151900"
"089590","제주항공","5","39","34","20750","162059","141309"
"161000","애경케미칼","16","32","16","124200","260460","136260"
"000400","롯데손해보험","99","151","52","195288","311340","116052"
"060980","HL홀딩스","3","6","3","108600","218800","110200"
"136490","선진","0","12","12","0","110020","110020"
"003620","KG모빌리티","57","98","41","149885","259555","109670"
"005720","넥센","16","34","18","93880","203070","109190"
"126560","현대퓨처넷","34","71","37","96765","205905","109140"
"130660","한전산업","11","21","10","106190","212310","106120"
"200880","서연이화","8","18","10","80070","185790","105720"
"183190","아세아시멘트","12","23","11","104640","205440","100800"
"249420","일동제약","8","15","7","99590","196930","97340"
"003070","코오롱글로벌","1","12","11","8610","104110","95500"
"344820","KCC글라스","7","11","4","152250","242350","90100"
"097520","엠씨넥스","6","11","5","100210","189950","89740"
"0120G0","삼양바이오팜","3","5","2","108300","191900","83600"
"010690","화신","12","22","10","82810","157330","74520"
"111380","동인기연","0","6","6","0","71760","71760"
"001510","SK증권","79","112","33","146806","217194","70388"
"002320","한진","4","8","4","57010","117410","60400"
"084690","대상홀딩스","10","18","8","71350","131330","59980"
"286940","롯데이노베이트","4","7","3","64520","116920","52400"
"009290","광동제약","16","24","8","91470","141595","50125"
"096760","JW홀딩스","23","36","13","83370","133125","49755"
"318160","셀바이오휴먼텍","0","9","9","0","48980","48980"
"123890","한국자산신탁","39","59","20","85520","130395","44875"
"003280","흥아해운","12","40","28","19153","63360","44207"
"000680","LS네트웍스","24","38","14","65085","108260","43175"
"000050","경방","8","13","5","63480","106080","42600"
"001250","GS글로벌","25","40","15","60235","100720","40485"
"122900","아이마켓코리아","12","16","4","85250","114840","29590"
"084010","대한제강","14","17","3","103630","128350","24720"
"383310","에코프로에이치엔","0","1","1","0","23050","23050"
"029460","케이씨","7","7","0","189350","199000","9650"
"0011A0","액스비스","498","527","29","4228740","4235360","6620"
"170900","동아에스티","55","53","-2","1998200","2004050","5850"
"091590","남화토건","0","0","0","0","0","0"
"471050","대신밸런스제17호스팩","0","0","0","0","0","0"
"489730","디비금융제13호스팩","0","0","0","0","0","0"
"477380","미래에셋비전스팩4호","0","0","0","0","0","0"
"477470","미래에셋비전스팩5호","0","0","0","0","0","0"
"122350","삼기","0","0","0","0","0","0"
"396300","세아메카닉스","0","0","0","0","0","0"
"474930","신한제13호스팩","0","0","0","0","0","0"
"074430","아미노로직스","0","0","0","0","0","0"
"456010","아이씨티케이","0","0","0","0","0","0"
"052460","아이크래프트","0","0","0","0","0","0"
"251370","와이엠티","0","0","0","0","0","0"
"389680","유디엠텍","0","0","0","0","0","0"
"084440","유비온","0","0","0","0","0","0"
"0105P0","유진스팩12호","0","0","0","0","0","0"
"424870","이뮨온시아","0","0","0","0","0","0"
"478110","이베스트스팩6호","0","0","0","0","0","0"
"287840","인투셀","0","0","0","0","0","0"
"169670","코스텍시스템","0","0","0","0","0","0"
"487720","키움제10호스팩","0","0","0","0","0","0"
"445180","퓨릿","0","0","0","0","0","0"
"475240","하나32호스팩","0","0","0","0","0","0"
"001520","동양","2","0","-2","2063","0","-2063"
"102260","동성케미컬","1","0","-1","3380","0","-3380"
"298690","에어부산","3","0","-3","4309","0","-4309"
"003610","방림","1","0","-1","5270","0","-5270"
"091810","트리니티항공","10","0","-10","5532","0","-5532"
"006840","AK홀딩스","3","0","-3","18980","0","-18980"
"267290","경동도시가스","1","0","-1","20000","0","-20000"
"008260","NI스틸","7","0","-7","21255","0","-21255"
"023000","삼원강재","10","0","-10","21650","0","-21650"
"058860","KTis","9","0","-9","21855","0","-21855"
"017550","수산세보틱스","15","0","-15","22009","0","-22009"
"092220","KEC","10","0","-10","22680","0","-22680"
"012800","대창","23","0","-23","22768","0","-22768"
"007210","벽산","17","0","-17","22896","0","-22896"
"008700","아남전자","20","0","-20","22917","0","-22917"
"067830","세이브존I&C","11","0","-11","23225","0","-23225"
"227840","현대코퍼레이션홀딩스","2","0","-2","23580","0","-23580"
"070960","모나용평","12","0","-12","24197","0","-24197"
"004250","NPC","9","0","-9","24610","0","-24610"
"002450","삼익악기","23","0","-23","24630","0","-24630"
"032560","황금에스티","5","0","-5","25200","0","-25200"
"014280","금강공업","7","0","-7","26095","0","-26095"
"014580","태경비케이","7","0","-7","26192","0","-26192"
"267850","아시아나IDT","3","0","-3","26550","0","-26550"
"013570","디와이","7","0","-7","26570","0","-26570"
"002620","제일파마홀딩스","4","0","-4","26860","0","-26860"
"462520","조선내화","2","0","-2","27210","0","-27210"
"271980","제일약품","3","0","-3","27240","0","-27240"
"014530","극동유화","9","0","-9","27425","0","-27425"
"089470","HDC현대EP","8","0","-8","27795","0","-27795"
"011280","태림포장","18","0","-18","28053","0","-28053"
"004080","신흥","2","0","-2","28070","0","-28070"
"009070","KCTC","8","0","-8","28145","0","-28145"
"001360","삼성제약","24","0","-24","28618","0","-28618"
"004150","한솔홀딩스","10","0","-10","28650","0","-28650"
"350520","이지스레지던스리츠","9","0","-9","29140","0","-29140"
"012610","경인양행","11","0","-11","29240","0","-29240"
"020120","키다리스튜디오","9","0","-9","29250","0","-29250"
"342870","오아","7","0","-7","30135","0","-30135"
"011500","한농화성","3","0","-3","30340","0","-30340"
"037560","LG헬로비전","20","0","-20","30558","0","-30558"
"210540","디와이파워","3","0","-3","30730","0","-30730"
"083420","그린케미칼","7","0","-7","30865","0","-30865"
"002460","HS화성","3","0","-3","31520","0","-31520"
"000020","동화약품","7","0","-7","32065","0","-32065"
"079430","현대리바트","6","0","-6","32270","0","-32270"
"460850","동국씨엠","7","0","-7","33590","0","-33590"
"272550","삼양패키징","4","0","-4","34120","0","-34120"
"002390","한독","4","0","-4","34580","0","-34580"
"000700","유수홀딩스","6","0","-6","35260","0","-35260"
"094280","효성ITX","3","0","-3","35380","0","-35380"
"090350","노루페인트","5","0","-5","35550","0","-35550"
"092200","디아이씨","9","0","-9","35930","0","-35930"
"004970","신라교역","4","0","-4","36100","0","-36100"
"003220","대원제약","5","0","-5","36280","0","-36280"
"071840","롯데하이마트","6","0","-6","36610","0","-36610"
"000970","한국주철관","6","0","-6","38270","0","-38270"
"487570","HS효성","1","0","-1","38450","0","-38450"
"001780","알루코","26","0","-26","39308","0","-39308"
"081000","일진다이아","5","0","-5","39330","0","-39330"
"003480","한진중공업홀딩스","9","0","-9","39350","0","-39350"
"213500","한솔제지","6","0","-6","39370","0","-39370"
"004310","현대약품","8","0","-8","39520","0","-39520"
"004090","한국석유","4","0","-4","40260","0","-40260"
"007860","서연","6","0","-6","41150","0","-41150"
"293480","하나제약","5","0","-5","41480","0","-41480"
"016450","한세예스24홀딩스","10","0","-10","42030","0","-42030"
"025860","남해화학","16","8","-8","86440","44240","-42200"
"234080","JW생명과학","4","0","-4","43150","0","-43150"
"248170","샘표식품","2","0","-2","44000","0","-44000"
"000320","노루홀딩스","3","0","-3","44230","0","-44230"
"271940","일진하이솔루스","10","5","-5","94160","49350","-44810"
"128820","대성산업","12","0","-12","44900","0","-44900"
"033530","SJG세종","8","0","-8","45110","0","-45110"
"339770","교촌에프앤비","13","0","-13","45845","0","-45845"
"100250","진양홀딩스","16","0","-16","46320","0","-46320"
"016800","퍼시스","4","2","-2","98650","51800","-46850"
"000140","하이트진로홀딩스","6","0","-6","47850","0","-47850"
"102460","이연제약","5","0","-5","48530","0","-48530"
"001940","KISCO홀딩스","5","3","-2","128650","77850","-50800"
"039570","HDC랩스","7","0","-7","51300","0","-51300"
"034590","인천도시가스","2","0","-2","51700","0","-51700"
"117580","대성에너지","8","0","-8","52720","0","-52720"
"475560","더본코리아","4","0","-4","53310","0","-53310"
"377740","바이오노트","30","17","-13","131355","74885","-56470"
"037270","YG PLUS","19","0","-19","57215","0","-57215"
"095570","AJ네트웍스","14","0","-14","57315","0","-57315"
"003960","사조대림","2","0","-2","57600","0","-57600"
"005010","휴스틸","17","0","-17","57820","0","-57820"
"004980","성신양회","8","0","-8","57830","0","-57830"
"000860","강남제비스코","5","0","-5","58790","0","-58790"
"000480","CR홀딩스","13","0","-13","59560","0","-59560"
"053210","스카이라이프","15","0","-15","59585","0","-59585"
"129920","대성하이텍","17","0","-17","59900","0","-59900"
"134380","미원화학","6","0","-6","60260","0","-60260"
"004700","조광피혁","2","1","-1","125000","64200","-60800"
"000540","흥국화재","22","0","-22","65840","0","-65840"
"272450","진에어","14","0","-14","68260","0","-68260"
"226320","잇츠한불","8","0","-8","71610","0","-71610"
"001630","종근당홀딩스","2","0","-2","74250","0","-74250"
"005610","삼립","3","1","-2","114850","39050","-75800"
"025000","KPX케미칼","2","0","-2","96650","0","-96650"
"005250","녹십자홀딩스","13","2","-11","118190","18640","-99550"
"003830","대한화섬","1","0","-1","107800","0","-107800"
"0015N0","아로마티카","54","33","-21","277060","152425","-124635"
"003920","남양유업","3","0","-3","126000","0","-126000"
"002600","조흥","1","0","-1","134500","0","-134500"
"005430","한국공항","2","0","-2","158400","0","-158400"
"092230","KPX홀딩스","3","0","-3","247300","0","-247300"
"0041J0","엘에스스팩1호","144","0","-144","286824","0","-286824"
"234340","헥토파이낸셜","24","0","-24","385930","0","-385930"
"480370","씨케이솔루션","351","0","-351","418081","0","-418081"
"009270","신원","545","144","-401","556069","137587","-418482"
"006620","동구바이오제약","141","32","-109","536890","113845","-423045"
"190510","나무가","47","16","-31","637490","194920","-442570"
"001460","BYC","15","0","-15","460100","0","-460100"
"099440","스맥","3577","3577","0","11821995","11339090","-482905"
"265520","AP시스템","56","26","-30","990380","495260","-495120"
"000430","대원강업","178","30","-148","598805","101620","-497185"
"298000","효성화학","8","0","-8","536200","0","-536200"
"093240","형지엘리트","1431","0","-1431","536801","0","-536801"
"002710","TCC스틸","77","0","-77","563950","0","-563950"
"372910","한컴라이프케어","351","0","-351","578400","0","-578400"
"001340","PKC","131","0","-131","588575","0","-588575"
"448730","삼성FN리츠","3582","3469","-113","19783635","19169860","-613775"
"092440","기신정기","366","0","-366","675344","0","-675344"
"055490","테이팩스","59","0","-59","680560","0","-680560"
"129260","인터지스","366","0","-366","686292","0","-686292"
"139990","아주스틸","337","0","-337","689420","0","-689420"
"007280","한국특강","381","0","-381","697745","0","-697745"
"024900","디와이덕양","410","0","-410","711668","0","-711668"
"010040","한국내화","513","0","-513","723492","0","-723492"
"005870","휴니드","176","0","-176","726865","0","-726865"
"009200","무림페이퍼","527","0","-527","753112","0","-753112"
"058730","다스코","234","0","-234","755960","0","-755960"
"006890","태경케미컬","146","0","-146","775460","0","-775460"
"016090","대현","556","0","-556","807598","0","-807598"
"079980","휴비스","439","0","-439","834216","0","-834216"
"013870","지엠비코리아","234","0","-234","866460","0","-866460"
"011700","한신기계","410","0","-410","878680","0","-878680"
"027360","아주IB투자","339","0","-339","879989","0","-879989"
"011150","CJ씨푸드","454","0","-454","888971","0","-888971"
"155660","DSR","205","0","-205","890495","0","-890495"
"000180","성창기업지주","176","0","-176","902960","0","-902960"
"063160","종근당바이오","73","0","-73","942370","0","-942370"
"163560","동일고무벨트","176","0","-176","970200","0","-970200"
"0004Y0","디비금융제14호스팩","494","0","-494","990470","0","-990470"
"002200","한국수출포장","439","0","-439","1002010","0","-1002010"
"417500","제이아이테크","396","0","-396","1026720","0","-1026720"
"065660","안트로젠","71","0","-71","1056950","0","-1056950"
"403550","쏘카","159","42","-117","1513180","391070","-1122110"
"484870","엠앤씨솔루션","275","182","-93","3747250","2489250","-1258000"
"380550","뉴로핏","173","0","-173","1362380","0","-1362380"
"097230","HJ중공업","235","112","-123","3195800","1648245","-1547555"
"0015S0","페스카로","336","109","-227","2282260","626150","-1656110"
"092790","넥스틸","184","38","-146","2105510","417490","-1688020"
"008060","대덕","171","20","-151","1955150","258330","-1696820"
"008830","대동기어","223","0","-223","1700240","0","-1700240"
"038500","삼표시멘트","285","0","-285","1809470","0","-1809470"
"317450","명인제약","953","908","-45","40034500","38184050","-1850450"
"027710","팜스토리","1993","206","-1787","2064853","212579","-1852274"
"005800","신영와코루","679","514","-165","8769430","6819120","-1950310"
"059270","해성에어로보틱스","408","0","-408","1958400","0","-1958400"
"039560","다산네트웍스","957","0","-957","1966945","0","-1966945"
"009470","삼화전기","103","0","-103","1984750","0","-1984750"
"156100","엘앤케이바이오","543","0","-543","2014530","0","-2014530"
"021080","에이티넘인베스트","968","0","-968","2028245","0","-2028245"
"065530","와이어블","1913","0","-1913","2054562","0","-2054562"
"105630","한세실업","264","34","-230","2397440","309585","-2087855"
"230240","에치에프알","208","35","-173","2587520","492450","-2095070"
"015860","일진홀딩스","460","32","-428","2274670","170840","-2103830"
"003470","유안타증권","692","128","-564","2704610","534035","-2170575"
"046120","오르비텍","592","0","-592","2173170","0","-2173170"
"138610","나이벡","181","0","-181","2182860","0","-2182860"
"017860","DS단석","392","174","-218","4162940","1973760","-2189180"
"096250","와이즈넛","362","0","-362","2221980","0","-2221980"
"001270","부국증권","53","7","-46","2592600","357100","-2235500"
"002230","피에스텍","539","0","-539","2243181","0","-2243181"
"263800","데이타솔루션","384","0","-384","2327040","0","-2327040"
"413630","씨피시스템","2334","1498","-836","8966190","6584940","-2381250"
"339950","아이비김영","978","113","-865","2724180","311585","-2412595"
"001200","유진투자증권","722","62","-660","2660619","243480","-2417139"
"025820","이구산업","701","0","-701","2417660","0","-2417660"
"041920","메디아나","320","0","-320","2438400","0","-2438400"
"002240","고려제강","173","18","-155","2732760","293640","-2439120"
"004560","현대비앤지스틸","247","0","-247","2464545","0","-2464545"
"016380","KG스틸","564","66","-498","2799390","334255","-2465135"
"489480","키움제11호스팩","2000","775","-1225","4050000","1565500","-2484500"
"347860","알체라","1466","0","-1466","2506856","0","-2506856"
"038290","마크로젠","237","0","-237","2517230","0","-2517230"
"001390","KG케미칼","699","43","-656","2696505","170690","-2525815"
"000490","대동","431","0","-431","2535780","0","-2535780"
"034830","한국토지신탁","2581","165","-2416","2807320","182778","-2624542"
"396690","미래에셋글로벌리츠","1615","0","-1615","2635120","0","-2635120"
"136540","윈스테크넷","273","16","-257","2803020","162910","-2640110"
"0013V0","삼진식품","558","15","-543","2729860","70945","-2658915"
"034120","SBS","247","0","-247","2673390","0","-2673390"
"030210","다올투자증권","869","0","-869","2680865","0","-2680865"
"042510","라온시큐어","352","0","-352","2681630","0","-2681630"
"000390","SP삼화","490","0","-490","2686905","0","-2686905"
"009680","모토닉","285","11","-274","2795210","107060","-2688150"
"072870","메가스터디","215","5","-210","2752555","64020","-2688535"
"046440","KG파이낸셜","729","0","-729","2694024","0","-2694024"
"017810","풀무원","333","25","-308","2929990","219100","-2710890"
"032190","다우데이타","166","0","-166","2714730","0","-2714730"
"489210","교보17호스팩","6743","5425","-1318","13654575","10931375","-2723200"
"024060","흥구석유","256","0","-256","2731930","0","-2731930"
"033270","유나이티드제약","172","11","-161","2924430","189150","-2735280"
"005500","삼진제약","167","6","-161","2854560","104900","-2749660"
"005160","동국산업","1239","0","-1239","2755375","0","-2755375"
"037070","파세코","472","0","-472","2763970","0","-2763970"
"002150","도화엔지니어링","611","0","-611","2838490","0","-2838490"
"034810","해성산업","499","0","-499","2841370","0","-2841370"
"003460","유화증권","1000","0","-1000","2857070","0","-2857070"
"035810","이지홀딩스","709","0","-709","2868580","0","-2868580"
"018250","애경산업","276","5","-271","2992790","55950","-2936840"
"016590","신대양제지","344","20","-324","3147450","200300","-2947150"
"032750","삼진","996","0","-996","2948160","0","-2948160"
"009160","SIMPAC","708","32","-676","3112535","148595","-2963940"
"0068Y0","비엔케이제3호스팩","1500","0","-1500","2973241","0","-2973241"
"002960","한국쉘석유","7","1","-6","3488500","499500","-2989000"
"017890","한국알콜","246","0","-246","3086865","0","-3086865"
"024720","콜마홀딩스","385","17","-368","3246650","143640","-3103010"
"007160","사조산업","74","0","-74","3263700","0","-3263700"
"457370","한켐","553","0","-553","3304080","0","-3304080"
"125490","한라캐스트","492","0","-492","3414310","0","-3414310"
"004430","송원산업","308","0","-308","3444300","0","-3444300"
"067920","이글루","711","0","-711","3487525","0","-3487525"
"035000","HS애드","567","0","-567","3506550","0","-3506550"
"476060","온코닉테라퓨틱스","791","430","-361","7953290","4397520","-3555770"
"013890","지누스","426","0","-426","3562670","0","-3562670"
"365590","하이딥","3500","0","-3500","3564204","0","-3564204"
"064400","LG씨엔에스","6416","6175","-241","394489950","390840750","-3649200"
"0007J0","인벤테라","647","159","-488","4766700","1059720","-3706980"
"484120","도우인시스","234","0","-234","3814200","0","-3814200"
"417200","LS머트리얼즈","2909","1972","-937","26787190","22936520","-3850670"
"469610","이노테크","314","0","-314","3861840","0","-3861840"
"056190","SFA","987","674","-313","17828910","13857800","-3971110"
"095660","네오위즈","229","0","-229","4088710","0","-4088710"
"028100","동아지질","255","4","-251","4218900","66000","-4152900"
"001740","SK네트웍스","2334","1760","-574","16279115","11748775","-4530340"
"036200","유니셈","714","0","-714","4551420","0","-4551420"
"475040","스트라드비젼","1642","0","-1642","4602960","0","-4602960"
"262260","에이프로","2313","0","-2313","5084755","0","-5084755"
"365660","레몬헬스케어","2726","1423","-1303","11057580","5814565","-5243015"
"462350","이노스페이스","1500","283","-1217","7458450","1706770","-5751680"
"020560","아시아나항공","802","0","-802","5754700","0","-5754700"
"458350","에스팀","1825","409","-1416","7186269","1361580","-5824689"
"150900","파수AI","1937","0","-1937","5827080","0","-5827080"
"122640","예스티","13870","13981","111","277289320","271452650","-5836670"
"018120","진로발효","368","0","-368","6078470","0","-6078470"
"023160","태광","1710","1316","-394","36540030","30042325","-6497705"
"073240","금호타이어","8740","8221","-519","53654560","47150095","-6504465"
"298050","HS효성첨단소재","298","248","-50","42053600","35486500","-6567100"
"012690","모나리자","4591","0","-4591","7006163","0","-7006163"
"450950","아스테라시스","1310","0","-1310","7038730","0","-7038730"
"232140","와이씨","4799","3775","-1024","41246910","34114150","-7132760"
"186230","그린플러스","2568","0","-2568","7513280","0","-7513280"
"054950","제이브이엠","375","0","-375","7638650","0","-7638650"
"025320","시노펙스","2525","0","-2525","7867140","0","-7867140"
"408470","한패스","1641","153","-1488","8705595","783860","-7921735"
"451800","한화리츠","5000","3495","-1505","24903475","16961884","-7941591"
"486630","KB제30호스팩","10000","5906","-4094","20225755","11930120","-8295635"
"290740","액트로","1208","0","-1208","8987640","0","-8987640"
"214370","케어젠","3201","2706","-495","160437300","151089000","-9348300"
"478390","KB제29호스팩","10000","5365","-4635","20375841","10917775","-9458066"
"389470","인벤티지랩","1058","659","-399","29050350","19468000","-9582350"
"482520","교보16호스팩","4814","0","-4814","9796490","0","-9796490"
"481890","엔에이치스팩31호","4712","0","-4712","9800960","0","-9800960"
"0041B0","교보18호스팩","5000","0","-5000","10075550","0","-10075550"
"174900","앱클론","552","0","-552","10106090","0","-10106090"
"011080","형지I&C","7100","0","-7100","10226683","0","-10226683"
"046890","서울반도체","1431","0","-1431","10431990","0","-10431990"
"060720","KH바텍","1118","0","-1118","10551330","0","-10551330"
"002990","금호건설","3678","3196","-482","34330010","23345810","-10984200"
"003300","한일홀딩스","659","25","-634","11553100","434840","-11118260"
"018290","브이티","2439","1234","-1205","26179780","14919480","-11260300"
"400760","NH올원리츠","3744","0","-3744","11364405","0","-11364405"
"357120","코람코라이프인프라리츠","2823","64","-2759","11743185","266090","-11477095"
"036120","서울평가정보","7587","0","-7587","12003697","0","-12003697"
"010780","아이에스동서","663","20","-643","12372090","359450","-12012640"
"058470","리노공업","7489","7157","-332","474988150","462932000","-12056150"
"0115H0","삼성스팩13호","10000","3478","-6522","19780707","6876006","-12904701"
"330590","롯데리츠","3758","189","-3569","13733300","691337","-13041963"
"081180","쎄크","2763","0","-2763","13104999","0","-13104999"
"494120","큐리오시스","2586","937","-1649","22195150","8906400","-13288750"
"015360","INVENI","2045","1016","-1029","27929710","14393210","-13536500"
"0101C0","하나36호스팩","10000","3000","-7000","19818644","5952000","-13866644"
"306200","세아제강","387","257","-130","48616700","34670000","-13946700"
"090850","현대이지웰","2250","0","-2250","13947980","0","-13947980"
"0130H0","엔에이치스팩33호","10000","3000","-7000","19922037","5970000","-13952037"
"372800","아이티아이즈","5000","0","-5000","14070610","0","-14070610"
"026890","스틱인베스트먼트","1920","39","-1881","14919340","296730","-14622610"
"001045","CJ우","231","0","-231","14885000","0","-14885000"
"0044K0","삼성스팩10호","10000","2442","-7558","19828731","4835160","-14993571"
"082640","동양생명","2290","334","-1956","17824270","2747275","-15076995"
"214320","이노션","823","26","-797","15652600","492020","-15160580"
"009155","삼성전기우","615","619","4","265149500","249792500","-15357000"
"229640","LS에코에너지","410","26","-384","16467250","1025800","-15441450"
"017900","광전자","3038","28","-3010","15761780","143445","-15618335"
"446840","지슨","11458","5547","-5911","32218930","16314705","-15904225"
"102940","코오롱생명과학","1046","0","-1046","16192060","0","-16192060"
"067990","도이치모터스","4432","0","-4432","16360030","0","-16360030"
"006060","화승인더","7089","0","-7089","16415551","0","-16415551"
"036890","진성티이씨","1285","0","-1285","16646410","0","-16646410"
"487830","신한제15호스팩","10000","1700","-8300","20160615","3425500","-16735115"
"036630","세종텔레콤","2419","0","-2419","17191980","0","-17191980"
"490470","세미파이브","2680","1500","-1180","36993590","19725000","-17268590"
"039420","케이엘넷","7030","0","-7030","17669870","0","-17669870"
"241590","화승엔터프라이즈","6089","0","-6089","18104710","0","-18104710"
"446540","메가터치","3026","0","-3026","18189340","0","-18189340"
"404990","신한서부티엔디리츠","4805","30","-4775","18511505","116535","-18394970"
"050890","쏠리드","3027","483","-2544","23488075","4349310","-19138765"
"075580","세진중공업","2733","660","-2073","26325200","7115160","-19210040"
"394800","쓰리빌리언","10126","6522","-3604","50824095","31476995","-19347100"
"0072Z0","KB제33호스팩","10000","100","-9900","19735140","197000","-19538140"
"264900","크라운제과","2473","0","-2473","19653390","0","-19653390"
"0129K0","신한제18호스팩","10000","0","-10000","19768074","0","-19768074"
"0093G0","미래에셋비전스팩8호","10000","0","-10000","19833450","0","-19833450"
"0097F0","미래에셋비전스팩10호","10000","0","-10000","19852787","0","-19852787"
"0071M0","삼성스팩11호","10000","0","-10000","19866706","0","-19866706"
"0099W0","미래에셋비전스팩11호","10000","0","-10000","19882917","0","-19882917"
"071280","로체시스템즈","3338","0","-3338","20108630","0","-20108630"
"484130","하나34호스팩","10000","0","-10000","20271040","0","-20271040"
"493330","지에프아이","2152","0","-2152","20459040","0","-20459040"
"0088D0","메리츠제1호스팩","10000","0","-10000","20892670","0","-20892670"
"101530","해태제과식품","3854","0","-3854","20998610","0","-20998610"
"031210","서울보증보험","551","45","-506","23078200","1874500","-21203700"
"075180","새론오토모티브","7734","0","-7734","21619230","0","-21619230"
"052400","코나아이","873","246","-627","31263200","9595350","-21667850"
"466690","키움히어로제1호스팩","12613","1626","-10987","25289630","3248748","-22040882"
"069620","대웅제약","503","318","-185","62533850","40334350","-22199500"
"403850","더핑크퐁컴퍼니","2000","0","-2000","22206570","0","-22206570"
"200670","휴메딕스","956","0","-956","22993650","0","-22993650"
"140410","메지온","400","0","-400","23338900","0","-23338900"
"089790","제이티","7376","0","-7376","23745639","0","-23745639"
"0091W0","신영스팩11호","11939","0","-11939","23890690","0","-23890690"
"0082N0","카나프테라퓨틱스","2231","0","-2231","24475260","0","-24475260"
"089890","코세스","1327","0","-1327","24968180","0","-24968180"
"358570","지아이이노베이션","4175","412","-3763","28698470","3139950","-25558520"
"445090","에이직랜드","1798","104","-1694","27592030","1994650","-25597380"
"260970","에스앤디","546","0","-546","25969950","0","-25969950"
"002820","SUN&L","11546","0","-11546","26094180","0","-26094180"
"334890","이지스밸류플러스리츠","13286","5908","-7378","47066305","20812795","-26253510"
"005690","파미셀","2497","38","-2459","26674295","372900","-26301395"
"0130D0","신한제17호스팩","13325","0","-13325","26373190","0","-26373190"
"173940","에프엔씨엔터","12038","0","-12038","27059420","0","-27059420"
"053030","바이넥스","4573","0","-4573","27261050","0","-27261050"
"302550","리메드","10651","0","-10651","27616054","0","-27616054"
"003490","대한항공","21862","20785","-1077","557314500","529512425","-27802075"
"044450","KSS해운","2983","11","-2972","28592300","105000","-28487300"
"003570","SNT다이내믹스","1210","337","-873","38534050","10014100","-28519950"
"005940","NH투자증권","14364","12636","-1728","388381300","359482075","-28899225"
"000520","삼일제약","4399","0","-4399","28922525","0","-28922525"
"065510","휴비츠","4513","0","-4513","29593090","0","-29593090"
"451250","삐아","4471","0","-4471","29786480","0","-29786480"
"492220","KB제31호스팩","15000","0","-15000","30079557","0","-30079557"
"023600","삼보판지","3848","0","-3848","30404260","0","-30404260"
"425040","티이엠씨","6188","2000","-4188","46360720","15840000","-30520720"
"0054V0","엔에이치스팩32호","15300","0","-15300","30762582","0","-30762582"
"145720","덴티움","882","6","-876","31825150","227350","-31597800"
"460930","현대힘스","8271","7427","-844","128912905","97143950","-31768955"
"264450","유비쿼스","3701","0","-3701","32826000","0","-32826000"
"463020","뉴엔AI","3191","0","-3191","33505500","0","-33505500"
"464490","쿼드메디슨","6732","55","-6677","34927220","276215","-34651005"
"214150","클래시스","12907","11786","-1121","543313550","508551900","-34761650"
"045100","한양이엔지","1344","0","-1344","35553950","0","-35553950"
"0041L0","하나35호스팩","18000","0","-18000","35984838","0","-35984838"
"487360","신한제14호스팩","18500","31","-18469","37191192","62310","-37128882"
"002310","아세아제지","5812","546","-5266","41296035","3812540","-37483495"
"278280","천보","1367","236","-1131","45357325","7820650","-37536675"
"004800","효성","298","24","-274","41290300","3519700","-37770600"
"003350","한국화장품제조","5308","0","-5308","38415340","0","-38415340"
"0096D0","미래에셋비전스팩9호","20000","539","-19461","39558852","1067220","-38491632"
"101240","씨큐브","12469","0","-12469","38965625","0","-38965625"
"282330","BGF리테일","501","179","-322","61985300","22347100","-39638200"
"486990","노타","4228","2604","-1624","91802490","51739850","-40062640"
"051600","한전KPS","1963","954","-1009","84151100","43644600","-40506500"
"377190","디앤디플랫폼리츠","20022","0","-20022","40634434","0","-40634434"
"004000","롯데정밀화학","1301","384","-917","58122700","17045850","-41076850"
"322310","오로스테크놀로지","3141","0","-3141","41695890","0","-41695890"
"049070","인탑스","2356","0","-2356","41816410","0","-41816410"
"036710","심텍홀딩스","14400","0","-14400","42000534","0","-42000534"
"032500","케이엠더블유","3781","1091","-2690","58651220","15895360","-42755860"
"217590","티엠씨","4150","117","-4033","44120890","1280230","-42840660"
"496070","신한제16호스팩","22522","668","-21854","44958357","1327316","-43631041"
"124500","아이티센글로벌","2694","201","-2493","48348470","3935580","-44412890"
"064850","에프앤가이드","14381","10200","-4181","231402745","185774600","-45628145"
"294870","IPARK현대산업개발","3368","1302","-2066","70615460","24974450","-45641010"
"006280","녹십자","490","108","-382","58596200","12813200","-45783000"
"0037T0","KB제32호스팩","24891","877","-24014","49587808","1740845","-47846963"
"064260","다날","10000","0","-10000","48228075","0","-48228075"
"389030","지니너스","25000","0","-25000","49344717","0","-49344717"
"0001A0","덕양에너젠","7054","93","-6961","50126905","653270","-49473635"
"240550","동방메디컬","15133","5990","-9143","78330690","28732730","-49597960"
"069260","TKG휴켐스","3998","634","-3364","59037900","9297740","-49740160"
"452260","한화갤러리아","28113","0","-28113","50124288","0","-50124288"
"469900","하나31호스팩","60000","35738","-24262","124501175","74114685","-50386490"
"298020","효성티앤씨","1940","1766","-174","566178000","514766250","-51411750"
"185750","종근당","918","148","-770","61507450","9929800","-51577650"
"012340","뉴인텍","63402","0","-63402","52775494","0","-52775494"
"473980","노머스","5820","87","-5733","54764070","828980","-53935090"
"015230","대창단조","10108","0","-10108","57410960","0","-57410960"
"310210","보로노이","1540","917","-623","173781500","115890400","-57891100"
"246960","SCL사이언스","40663","400","-40263","59757597","576003","-59181594"
"004960","한신공영","6663","0","-6663","59188240","0","-59188240"
"0007C0","아크릴","4694","0","-4694","62555280","0","-62555280"
"000670","영풍","2009","172","-1837","68703800","5650900","-63052900"
"100840","SNT에너지","3169","143","-3026","69046950","3434300","-65612650"
"488280","에스투더블유","7763","0","-7763","65969850","0","-65969850"
"001720","신영증권","543","11","-532","69264600","1486100","-67778500"
"459550","알트","44487","0","-44487","68031889","0","-68031889"
"475430","키스트론","19111","0","-19111","68108405","0","-68108405"
"011930","신성이엔지","4509","13","-4496","68583250","177760","-68405490"
"0017J0","세미티에스","30000","0","-30000","69115250","0","-69115250"
"376270","HEM파마","2000","0","-2000","73577800","0","-73577800"
"009900","명신산업","12514","35","-12479","73826020","223950","-73602070"
"265740","엔에프씨","14824","0","-14824","74245340","0","-74245340"
"472230","에스케이증권제11호스팩","50000","14260","-35740","104000000","29594135","-74405865"
"081660","미스토홀딩스","3013","1236","-1777","133693750","55092500","-78601250"
"005387","현대차2우B","1154","786","-368","221689000","141956400","-79732600"
"456070","이엔셀","14082","0","-14082","79968795","0","-79968795"
"085810","알티캐스트","49921","0","-49921","81520993","0","-81520993"
"088350","한화생명","24972","7392","-17580","113278484","31732120","-81546364"
"018670","SK가스","469","97","-372","103906000","22169500","-81736500"
"002170","SYTS","1601","0","-1601","86479700","0","-86479700"
"439260","대한조선","2733","917","-1816","134298450","45092775","-89205675"
"000155","두산우","231","0","-231","94772500","0","-94772500"
"090435","아모레퍼시픽우","2250","0","-2250","95501750","0","-95501750"
"499790","GS피앤엘","7892","5665","-2227","300361550","203493750","-96867800"
"195940","HK이노엔","3143","520","-2623","117468100","20521850","-96946250"
"493790","유안타제17호스팩","50000","0","-50000","100500000","0","-100500000"
"054210","이랜텍","16094","0","-16094","104669130","0","-104669130"
"443060","HD현대마린솔루션","4012","3643","-369","771079300","660416900","-110662400"
"437730","삼현","3702","193","-3509","118069800","6329950","-111739850"
"285130","SK케미칼","3203","205","-2998","125520850","7793100","-117727750"
"450080","에코프로머티","4570","754","-3816","141758850","23694275","-118064575"
"107640","한중엔시에스","4435","199","-4236","126074550","5841800","-120232750"
"007340","DN오토모티브","18045","14465","-3580","666051625","540931800","-125119825"
"475960","토모큐브","5165","1186","-3979","161509050","34297750","-127211300"
"005070","코스모신소재","3910","21","-3889","128581000","661750","-127919250"
"147760","피엠티","43552","0","-43552","130769877","0","-130769877"
"149950","아바텍","16966","0","-16966","131304470","0","-131304470"
"017800","현대엘리베이터","2447","530","-1917","168339600","35820500","-132519100"
"192080","더블유게임즈","2404","195","-2209","146946500","11688700","-135257800"
"456160","지투지바이오","5556","420","-5136","147925225","11901800","-136023425"
"458870","씨어스","22094","15938","-6156","554360100","417259950","-137100150"
"393890","더블유씨피","23073","0","-23073","138244940","0","-138244940"
"052900","KX하이텍","151251","906","-150345","139424692","850311","-138574381"
"465770","STX그린로지스","48946","1264","-47682","148425160","4643880","-143781280"
"052710","아모텍","12165","0","-12165","144671880","0","-144671880"
"474660","신한제12호스팩","85000","13333","-71667","174857885","27399315","-147458570"
"020000","한섬","7665","38","-7627","152794710","754190","-152040520"
"478440","미래에셋비전스팩6호","75000","0","-75000","152342507","0","-152342507"
"153890","져스텍","27678","0","-27678","156834910","0","-156834910"
"403870","HPSP","24486","20429","-4057","849672175","691141000","-158531175"
"014680","한솔케미칼","3050","2358","-692","611864400","451965800","-159898600"
"090360","로보스타","2541","0","-2541","161747400","0","-161747400"
"053690","한미글로벌","15331","3675","-11656","239138680","65208510","-173930170"
"311320","지오엘리먼트","33143","5000","-28143","204630310","30693200","-173937110"
"060280","큐렉소","21307","0","-21307","178288270","0","-178288270"
"044490","태웅","8119","566","-7553","193230950","14840400","-178390550"
"489790","한화비전","7245","1818","-5427","240398300","60815600","-179582700"
"104830","원익머트리얼즈","5729","74","-5655","184777825","2221025","-182556800"
"006800","미래에셋증권","75661","72699","-2962","2522054075","2337729075","-184325000"
"213420","덕산네오룩스","7925","479","-7446","200540100","14680850","-185859250"
"241560","두산밥캣","13455","10061","-3394","818759750","632658050","-186101700"
"473050","유안타제15호스팩","90000","0","-90000","187200000","0","-187200000"
"417310","코람코더원리츠","34060","16019","-18041","367412790","173166980","-194245810"
"474490","유안타제16호스팩","95000","0","-95000","194826165","0","-194826165"
"043260","성호전자","12312","867","-11445","207695305","11541310","-196153995"
"0009K0","에임드바이오","13859","4371","-9488","291936620","95623105","-196313515"
"281740","레이크머티리얼즈","20083","2180","-17903","223900760","25532010","-198368750"
"365270","큐라클","29000","0","-29000","203145490","0","-203145490"
"098070","한텍","15273","5559","-9714","348599575","144588625","-204010950"
"323280","태성","13329","6111","-7218","394514650","184719150","-209795500"
"475830","오름테라퓨틱","8494","2721","-5773","344305650","128975300","-215330350"
"091440","한울소재과학","80054","0","-80054","215955685","0","-215955685"
"077500","유니퀘스트","51252","0","-51252","217090610","0","-217090610"
"295310","에이치브이엠","5842","313","-5529","230367825","12729000","-217638825"
"056080","유진로봇","20064","249","-19815","223745660","2873460","-220872200"
"125020","티씨머티리얼즈","59700","5754","-53946","247080195","25372207","-221707988"
"010130","고려아연","577","313","-264","535296000","312820000","-222476000"
"003690","코리안리","42826","27907","-14919","599245660","376681050","-222564610"
"091580","상신이디피","20302","1250","-19052","243302530","14520100","-228782430"
"047050","포스코인터내셔널","11968","7297","-4671","596191000","360236100","-235954900"
"192400","쿠쿠홀딩스","9397","23","-9374","241061550","593000","-240468550"
"036620","감성코퍼레이션","71005","10802","-60203","290956870","42480805","-248476065"
"195870","해성디에스","46305","38479","-7826","2016036350","1767252300","-248784050"
"477850","마키나락스","27998","15851","-12147","689841950","431865250","-257976700"
"004710","한솔테크닉스","43117","2792","-40325","278518270","19402060","-259116210"
"051360","토비스","171768","144313","-27455","1547487235","1285039520","-262447715"
"099430","바이오플러스","74046","0","-74046","263117965","0","-263117965"
"011170","롯데케미칼","5040","557","-4483","295649800","31289500","-264360300"
"279570","케이뱅크","48689","285","-48404","272010565","1636810","-270373755"
"090460","비에이치","25385","5037","-20348","353207180","81354185","-271852995"
"005490","POSCO홀딩스","3727","2702","-1025","1109135250","829514750","-279620500"
"010170","대한광통신","103145","81898","-21247","928979600","642567010","-286412590"
"204320","HL만도","9713","3395","-6318","432068200","144202975","-287865225"
"950160","코오롱티슈진","21975","2559","-19416","341268720","41589620","-299679100"
"071055","한국금융지주우","2309","115","-2194","321625400","16330200","-305295200"
"039200","오스코텍","12665","1742","-10923","364113950","55734400","-308379550"
"415640","KB발해인프라","40143","11270","-28873","432237840","119289455","-312948385"
"080580","오킨스전자","38925","6194","-32731","373813500","52838590","-320974910"
"028050","삼성E&A","46180","36509","-9671","2007024025","1685954800","-321069225"
"388720","유일로보틱스","7852","2291","-5561","464658600","142513200","-322145400"
"476830","알지노믹스","20695","6882","-13813","487149900","153243450","-333906450"
"028300","HLB","19214","7754","-11460","576116550","241661375","-334455175"
"00088K","한화3우B","10486","0","-10486","340131300","0","-340131300"
"338840","와이바이오로직스","47350","0","-47350","356343150","0","-356343150"
"332570","PS일렉트로닉스","52621","0","-52621","374818730","0","-374818730"
"000250","삼천당제약","4491","1521","-2970","597472700","213743400","-383729300"
"039030","이오테크닉스","4593","2985","-1608","1225359000","835094500","-390264500"
"031980","피에스케이홀딩스","36741","35943","-798","3426979800","3035603250","-391376550"
"417840","저스템","59934","13080","-46854","508200325","115411020","-392789305"
"020150","롯데에너지머티리얼즈","14709","1256","-13453","432404700","30341050","-402063650"
"005850","에스엘","12256","4028","-8228","622663800","208685650","-413978150"
"011790","SKC","12593","7373","-5220","953251850","535416050","-417835800"
"041510","에스엠","11904","5770","-6134","851675350","424081200","-427594150"
"219130","타이거일렉","7365","0","-7365","441383900","0","-441383900"
"317400","자이에스앤디","145771","87166","-58605","993468315","531630340","-461837975"
"090710","휴림로봇","74836","769","-74067","480047495","4998500","-475048995"
"086790","하나금융지주","34121","30713","-3408","4302547650","3820367850","-482179800"
"003545","대신증권우","26171","0","-26171","494876900","0","-494876900"
"178320","서진시스템","45458","27905","-17553","1595001925","1092260175","-502741750"
"003550","LG","9502","4025","-5477","883673650","380126150","-503547500"
"180640","한진칼","7128","2242","-4886","753613400","247630400","-505983000"
"126340","비나텍","11025","796","-10229","546864200","38965150","-507899050"
"259960","크래프톤","7649","5575","-2074","1886671500","1375901250","-510770250"
"319400","현대무벡스","81430","58168","-23262","1829983245","1295845775","-534137470"
"030530","원익홀딩스","34675","1217","-33458","568673690","18728785","-549944905"
"175330","JB금융지주","48264","26131","-22133","1306231325","744277025","-561954300"
"097950","CJ제일제당","3959","985","-2974","755416300","188173000","-567243300"
"036570","NC","4097","1482","-2615","900994000","333535000","-567459000"
"00680K","미래에셋증권2우B","56098","2356","-53742","628463190","27782180","-600681010"
"187870","디바이스","69348","6555","-62793","668715735","59598000","-609117735"
"000720","현대건설","17434","9735","-7699","1524611850","883763000","-640848850"
"032820","우리기술","81051","5927","-75124","717625930","59264770","-658361160"
"047040","대우건설","59840","10328","-49512","799963635","138256105","-661707530"
"002020","코오롱","29056","0","-29056","667802400","0","-667802400"
"159010","아스플로","68904","11100","-57804","806866240","131394040","-675472200"
"272110","케이엔제이","35786","2198","-33588","726886130","47101210","-679784920"
"114810","한솔아이원스","91508","1323","-90185","711556520","9770090","-701786430"
"086390","유니테스트","91592","246","-91346","715179200","2048010","-713131190"
"034220","LG디스플레이","151297","82738","-68559","1452261135","735698330","-716562805"
"211050","인카금융서비스","78340","2004","-76336","746680770","18705365","-727975405"
"456040","OCI","13430","1244","-12186","840868150","85382400","-755485750"
"387690","레메디","102716","10000","-92716","831923900","76383900","-755540000"
"267250","HD현대","8567","4957","-3610","1823847700","1036461500","-787386200"
"077970","STX엔진","36053","139","-35914","835962820","3097200","-832865620"
"036810","에프에스티","43438","0","-43438","870712440","0","-870712440"
"357780","솔브레인","4035","693","-3342","1075570500","179403500","-896167000"
"099190","아이센스","59274","4798","-54476","998364800","86472730","-911892070"
"376900","로킷헬스케어","22128","0","-22128","914497325","0","-914497325"
"034020","두산에너빌리티","63270","48350","-14920","4099694150","3148186100","-951508050"
"356860","티엘비","47733","6461","-41272","1179358950","153690050","-1025668900"
"009420","한올바이오파마","28022","3919","-24103","1214214075","173940525","-1040273550"
"039830","오로라","62587","8668","-53919","1210000860","169332920","-1040667940"
"089970","브이엠","95913","76539","-19374","6064831100","4765206900","-1299624200"
"012330","현대모비스","14448","11261","-3187","6404756500","5089447500","-1315309000"
"352820","하이브","73898","56428","-17470","13313478300","11977919900","-1335558400"
"000880","한화","45576","32133","-13443","4086006300","2730481500","-1355524800"
"082740","한화엔진","62031","28469","-33562","2753892575","1260958525","-1492934050"
"383220","F&F","37156","17207","-19949","2872171100","1352892150","-1519278950"
"033160","엠케이전자","160262","25809","-134453","1922294345","368807225","-1553487120"
"226950","올릭스","36654","17646","-19008","3426737750","1847604150","-1579133600"
"039490","키움증권","10769","4790","-5979","2919797000","1304160750","-1615636250"
"138040","메리츠금융지주","49914","34266","-15648","5933854600","4271253900","-1662600700"
"336260","두산퓨얼셀","99922","38492","-61430","2857280345","1051444940","-1805835405"
"281820","케이씨텍","36331","9080","-27251","2384330450","526966550","-1857363900"
"074600","원익QnC","120845","22290","-98555","2585584275","576584450","-2008999825"
"373220","LG에너지솔루션","12940","6475","-6465","4012610250","2002219000","-2010391250"
"237690","에스티팜","32652","9867","-22785","3065704950","968628400","-2097076550"
"322000","HD현대에너지솔루션","36154","16866","-19288","4286740550","2132200500","-2154540050"
"009150","삼성전기","31716","30159","-1557","35378308500","33114557000","-2263751500"
"005830","DB손해보험","18044","3297","-14747","2895826200","544307000","-2351519200"
"001450","현대해상","116390","51894","-64496","4429545750","2062099800","-2367445950"
"064290","인텍플러스","154094","60978","-93116","4071878275","1571817325","-2500060950"
"001040","CJ","21414","1755","-19659","2756776950","222713600","-2534063350"
"089860","롯데렌탈","74735","692","-74043","2782852550","26810500","-2756042050"
"144960","뉴파워프라즈마","428460","51878","-376582","3356244600","538229565","-2818015035"
"017960","한국카본","151372","2661","-148711","3084960420","56726215","-3028234205"
"440110","파두","69214","15726","-53488","3869097775","827209450","-3041888325"
"007660","이수페타시스","61801","20175","-41626","4547869600","1490992850","-3056876750"
"005090","SGC에너지","90638","15323","-75315","3741268025","640099850","-3101168175"
"010120","LS ELECTRIC","36642","17440","-19202","6230732700","3103699350","-3127033350"
"028260","삼성물산","17650","7048","-10602","5339582750","2081129000","-3258453750"
"278470","에이피알","16375","6243","-10132","5516845250","2115041250","-3401804000"
"033780","KT&G","33769","15117","-18652","6216509150","2780731700","-3435777450"
"347850","디앤디파마텍","89919","20161","-69758","4691821125","1144392800","-3547428325"
"290650","엘앤씨바이오","72906","3700","-69206","3771126550","202289000","-3568837550"
"001820","삼화콘덴서","67297","11538","-55759","4505455900","868871350","-3636584550"
"047810","한국항공우주","35769","6145","-29624","4722941750","834156600","-3888785150"
"131970","두산테스나","98389","33297","-65092","5833264600","1918460100","-3914804500"
"032830","삼성생명","17978","3548","-14430","5031240750","986605750","-4044635000"
"010950","S-Oil","47841","16483","-31358","6252737700","2170864450","-4081873250"
"298040","효성중공업","4445","2247","-2198","9612754000","5242946000","-4369808000"
"034730","SK","55061","49358","-5703","29909446000","25406241000","-4503205000"
"093370","후성","637192","1134","-636058","4630142930","9608490","-4620534440"
"170920","엘티씨","149289","3903","-145386","4850742250","122138625","-4728603625"
"006360","GS건설","211521","22050","-189471","5562810250","511664500","-5051145750"
"016360","삼성증권","71407","8468","-62939","6138482750","781859300","-5356623450"
"012450","한화에어로스페이스","15218","9357","-5861","13496021500","7931568000","-5564453500"
"160980","싸이맥스","248129","14979","-233150","5975949600","366879475","-5609070125"
"067310","하나마이크론","223585","34629","-188956","6731451600","1117396100","-5614055500"
"096770","SK이노베이션","78572","30154","-48418","9176678900","3464965200","-5711713700"
"080220","제주반도체","102687","12495","-90192","6789449950","868951450","-5920498500"
"071050","한국금융지주","50091","17474","-32617","9703201550","3399699700","-6303501850"
"420770","기가비스","71799","2602","-69197","6598217100","282599400","-6315617700"
"100090","SK오션플랜트","529192","37136","-492056","7148862200","534669205","-6614192995"
"011070","LG이노텍","36040","26222","-9818","18862332500","12238224000","-6624108500"
"222800","심텍","128112","38603","-89509","9634655550","2994481200","-6640174350"
"010060","OCI홀딩스","94353","58017","-36336","18211145250","11154336000","-7056809250"
"240810","원익IPS","132955","41461","-91494","11375549550","3862061850","-7513487700"
"267260","HD현대일렉트릭","23277","12562","-10715","15378546000","7707544500","-7671001500"
"000500","가온전선","57237","5097","-52140","8688441000","712070500","-7976370500"
"329180","HD현대중공업","38355","17331","-21024","17283806000","7948932500","-9334873500"
"095610","테스","138762","42448","-96314","16570316550","5210113800","-11360202750"
"131290","티에스이","74344","8441","-65903","13411104100","1479989750","-11931114350"
"017670","SK텔레콤","426507","263675","-162832","38047527200","24708080850","-13339446350"
"006400","삼성SDI","41677","5617","-36060","15996930500","2188082250","-13808848250"
"035420","NAVER","289601","202178","-87423","60914052350","45369208350","-15544844000"
"062040","산일전기","129326","14202","-115124","18434112800","2064589800","-16369523000"
"319660","피에스케이","188655","50104","-138551","22920627600","6144996550","-16775631050"
"119850","지엔씨에너지","663567","107244","-556323","21611177500","3421723075","-18189454425"
"353200","대덕전자","435434","10177","-425257","37772779250","855189400","-36917589850"
"402340","SK스퀘어","69232","27156","-42076","67433646000","25625670000","-41807976000"
"475150","SK이터닉스","1045109","100330","-944779","54747972600","4998810000","-49749162600"
"005935","삼성전자우","1001521","509631","-491890","162562033400","81209058950","-81352974450"